key,en,ru,es,tr,ar,
nav.home,Home, Главная , Inicio , Ana Sayfa , الرئيسية,
nav.about,About, О компании , Acerca de , Hakkımızda , حول,
nav.contact,Contact Us, Связаться с нами , Contacto , İletişim , اتصل بنا,
nav.inoksan,Inoksan, Иноксан , Inoksan , Inoksan , إنوكسن,
nav.refrigeration,Refrigeration, Охлаждение , Refrigeración , Soğutma , التبريد,
nav.kitchen_tools,Kitchen Tools, Кухонные инструменты , Herramientas de cocina , Mutfak Araçları , أدوات المطبخ,
nav.hotel_equipment,Hotel Equipment, Отельное оборудование , Equipamiento hotelero , Otel Ekipmanları , معدات الفندق,
nav.special_request,Special Request, Специальный запрос , Solicitud especial , Özel Talep , طلب خاص,
nav.secure_portal,Secure Portal, Защищённый портал , Portal seguro , Güvenli Portal , بوابة آمنة,
header.company_name,ChefGear, ChefGear , ChefGear , ChefGear , ChefGear,
header.company_tagline,Professional Kitchen Solutions, Профессиональные решения для кухни , Soluciones profesionales de cocina , Profesyonel Mutfak Çözümleri , حلول المطبخ المهنية,
hero.title,Professional Kitchen & Catering Solutions, Профессиональные кухонные и кейтеринговые решения , Soluciones profesionales para cocina y catering , Profesyonel Mutfak ve Catering Çözümleri , حلول المطبخ والتموين المهنية,
hero.subtitle,"Expert consultancy for industrial kitchens, hotel equipment, and catering solutions"," Экспертные консультации для промышленных кухонь, гостиничного оборудования и кейтеринга "," Consultoría experta para cocinas industriales, equipamiento hotelero y catering "," Endüstriyel mutfaklar, otel ekipmanları ve catering çözümleri için uzman danışmanlık ", استشارات خبيرة للمطابخ الصناعية ومعدات الفنادق وخدمات التموين,
hero.cta,Get Consultation, Получить консультацию , Obtener consulta , Danışmanlık Al , احصل على استشارة,
hero.services,View Services, Просмотреть услуги , Ver servicios , Hizmetleri Görüntüle , عرض الخدمات,
company.overview,Leading Industrial Kitchen Consultancy, Ведущая консалтинговая компания по промышленным кухням , Consultoría líder en cocinas industriales , Lider Endüstriyel Mutfak Danışmanlığı , الرائد في استشارات المطابخ الصناعية,
company.description,"With over 15 years of experience, we provide comprehensive solutions for industrial kitchens, hotel equipment, and catering services."," Более 15 лет опыта — комплексные решения для промышленных кухонь, гостиничного оборудования и кейтеринга "," Con más de 15 años de experiencia, ofrecemos soluciones integrales para cocinas industriales, equipamiento hotelero y servicios de catering "," 15 yılı aşkın deneyimle endüstriyel mutfaklar, otel ekipmanları ve catering hizmetleri için kapsamlı çözümler sunuyoruz "," مع أكثر من 15 عامًا من الخبرة، نقدم حلولاً شاملة للمطابخ الصناعية ومعدات الفنادق وخدمات التموين",
features.industrial.title,Industrial Kitchen Solutions, Решения для промышленных кухонь , Soluciones para cocinas industriales , Endüstriyel Mutfak Çözümleri , حلول المطابخ الصناعية,
features.industrial.description,Complete industrial kitchen design and equipment solutions, Полный дизайн и оборудование промышленных кухонь , Diseño completo y equipamiento de cocinas industriales , Tam endüstriyel mutfak tasarımı ve ekipman çözümleri , تصميم وتجهيز المطابخ الصناعية بالكامل,
features.refrigeration.title,Refrigeration Systems, Системы охлаждения , Sistemas de refrigeración , Soğutma Sistemleri , أنظمة التبريد,
features.refrigeration.description,Advanced refrigeration and cooling solutions, Передовые решения по охлаждению и заморозке , Soluciones avanzadas de refrigeración y enfriamiento , Gelişmiş soğutma ve buz çözme çözümleri , حلول تبريد وتجميد متقدمة,
features.tools.title,Professional Kitchen Tools, Профессиональные кухонные инструменты , Herramientas profesionales de cocina , Profesyonel Mutfak Araçları , أدوات مطبخ احترافية,
features.tools.description,High-quality tools for professional kitchens, Высококачественные инструменты для профессиональных кухонь , Herramientas de alta calidad para cocinas profesionales , Profesyonel mutfaklar için yüksek kaliteli araçlar , أدوات عالية الجودة للمطابخ الاحترافية,
features.hotel.title,Hotel Equipment, Отельное оборудование , Equipamiento para hoteles , Otel Ekipmanları , معدات الفنادق,
features.hotel.description,Comprehensive hotel furniture and serving equipment, Комплексная мебель и оборудование для отелей , Mobiliario y equipamiento integral para hoteles , Kapsamlı otel mobilyaları ve ekipmanları , أثاث ومعدات فندقية شاملة,
stats.clients,Satisfied Clients, Удовлетворённые клиенты , Clientes satisfechos , Memnun Müşteriler , العملاء الراضون,
stats.experience,Years Experience, Лет опыта , Años de experiencia , Yıllık Deneyim , سنوات الخبرة,
stats.countries,Countries Served, Обслуживаемые страны , Países atendidos , Hizmet verilen ülkeler , الدول المخدومة,
stats.projects,Projects Completed, Выполненные проекты , Proyectos completados , Tamamlanan projeler , المشاريع المنجزة,
achievements.leader.title,Industry Leader, Лидер отрасли , Líder de la industria , Sektör Lideri , قائد الصناعة,
achievements.leader.description,Recognized as the leading kitchen consultancy in the region, Признанный ведущим консультантом по кухонному оборудованию в регионе , Reconocido como la principal consultoría de cocina en la región , Bölgedeki lider mutfak danışmanı olarak tanındı , معترف به كأفضل استشاري مطبخ في المنطقة,
achievements.success.title,99% Success Rate, 99% Успешных проектов , 99% Tasa de éxito , %99 Başarı Oranı , معدل نجاح 99%,
achievements.success.description,Exceptional project completion and client satisfaction rate, Исключительное завершение проектов и удовлетворение клиентов , Excepcional tasa de finalización de proyectos y satisfacción del cliente , Olağanüstü proje tamamlanma ve müşteri memnuniyeti oranı , معدل استكمال المشاريع ورضا العملاء الاستثنائي,
achievements.innovation.title,Innovation Award, Награда за инновации , Premio a la innovación , İnovasyon Ödülü , جائزة الابتكار,
achievements.innovation.description,Winner of the 2023 Kitchen Innovation Excellence Award, Победитель премии за инновации в кухонной отрасли 2023 , Ganador del Premio a la Innovación en Cocina 2023 , 2023 Mutfak İnovasyon Mükemmellik Ödülü sahibi , الفائز بجائزة التميز في ابتكار المطابخ 2023,
achievements.global.title,Global Presence, Глобальное присутствие , Presencia global , Küresel Varlık , الحضور العالمي,
achievements.global.description,Serving clients across 5 continents with local expertise, Обслуживаем клиентов на 5 континентах с локальной экспертизой , Atendiendo clientes en 5 continentes con experiencia local , 5 kıtada yerel uzmanlıkla hizmet veriyor , نخدم العملاء في 5 قارات بخبرة محلية,
work.title,Our Work in Action, Наша работа в действии , Nuestro trabajo en acción , Çalışmalarımız , عملنا قيد التنفيذ,
work.subtitle,See our professional kitchen solutions in real-world applications, Посмотрите наши профессиональные кухонные решения в реальных условиях , Vea nuestras soluciones profesionales de cocina en aplicaciones reales , Profesyonel mutfak çözümlerimizi gerçek uygulamalarda görün , شاهد حلول المطبخ المهنية لدينا في التطبيقات الواقعية,
work.item1.title,Modern Industrial Kitchen, Современная промышленная кухня , Cocina industrial moderna , Modern Endüstriyel Mutfak , مطبخ صناعي حديث,
work.item1.description,State-of-the-art equipment and design, Современное оборудование и дизайн , Equipos y diseño de última generación , Son teknoloji ekipman ve tasarım , معدات وتصميم حديث,
work.item2.title,Hotel Restaurant Setup, Оборудование для гостиничного ресторана , Equipamiento para restaurante de hotel , Otel restoran kurulumu , إعداد مطعم فندق,
work.item2.description,Complete kitchen and dining solutions, Комплексные решения для кухни и столовой , Soluciones completas para cocina y comedor , Komple mutfak ve yemek alanı çözümleri , حلول كاملة للمطبخ وقاعة الطعام,
work.item3.title,Catering Facility, Кейтеринговое предприятие , Instalación de catering , Catering Tesisi , منشأة التموين,
work.item3.description,High-volume food preparation systems, Системы подготовки пищи большого объёма , Sistemas de preparación de alimentos de alto volumen , Yüksek hacimli yemek hazırlama sistemleri , أنظمة تجهيز الطعام عالي الحجم,
transformations.title,Transformation Gallery, Галерея трансформаций , Galería de transformaciones , Dönüşüm Galerisi , معرض التحولات,
transformations.subtitle,Explore our portfolio of professional kitchen solutions, Изучите наше портфолио профессиональных кухонных решений , Explore nuestro portafolio de soluciones profesionales para cocina , Profesyonel mutfak çözümleri portföyümüzü keşfedin , استكشف معرض حلول المطبخ المهنية لدينا,
transformations.loading,Loading gallery..., Загрузка галереи... , Cargando galería... , Galeri yükleniyor... , جارٍ تحميل المعرض...,
transformations.empty,No images found. Add images to the 'trans' folder in Supabase storage., Изображения не найдены. Добавьте изображения в папку 'trans' в хранилище Supabase. , No se encontraron imágenes. Agregue imágenes a la carpeta 'trans' en el almacenamiento Supabase. , Resim bulunamadı. Supabase depolamasında 'trans' klasörüne resim ekleyin. , لم يتم العثور على صور. أضف الصور إلى مجلد 'trans' في تخزين Supabase.,
products.title,Our Product Range, Наш ассортимент продукции , Nuestra gama de productos , Ürün Yelpazemiz , مجموعة منتجاتنا,
products.description,Comprehensive solutions for all your industrial kitchen needs, Комплексные решения для всех ваших промышленных кухонных нужд , Soluciones integrales para todas sus necesidades de cocina industrial , Tüm endüstriyel mutfak ihtiyaçlarınız için kapsamlı çözümler , حلول شاملة لجميع احتياجات مطبخك الصناعي,
products.search,Search products..., Поиск продуктов... , Buscar productos... , Ürünleri ara... , ابحث عن المنتجات...,
products.search_hotel_equipment,Search hotel equipment..., Поиск отельного оборудования... , Buscar equipamiento hotelero... , Otel ekipmanlarını ara... , البحث عن معدات الفنادق...,
products.search_refrigeration,Search refrigeration equipment..., Поиск холодильного оборудования... , Buscar equipo de refrigeración... , Soğutma ekipmanlarını ara... , البحث عن معدات التبريد...,
products.search_kitchen_tools,Search kitchen tools..., Поиск кухонных инструментов... , Buscar herramientas de cocina... , Mutfak araçlarını ara... , البحث عن أدوات المطبخ...,
products.search_industrial,Search industrial equipment..., Поиск промышленного оборудования... , Buscar equipo industrial... , Endüstriyel ekipman ara... , البحث عن المعدات الصناعية...,
products.filter,Filter, Фильтр , Filtrar , Filtrele , فلتر,
products.clear_filters,Clear Filters, Очистить фильтры , Borrar filtros , Filtreleri temizle , مسح الفلاتر,
products.loading,Loading products..., Загрузка продуктов... , Cargando productos... , Ürünler yükleniyor... , جاري تحميل المنتجات...,
products.no_products_found,No products found, Продукты не найдены , No se encontraron productos , Ürün bulunamadı , لم يتم العثور على منتجات,
products.try_adjusting_filters,Try adjusting your search or filters, Попробуйте изменить параметры поиска или фильтры , Intente ajustar su búsqueda o filtros , Aramanızı veya filtrelerinizi ayarlamayı deneyin , حاول تعديل بحثك أو الفلاتر,
products.add_to_inquiry,Add to Inquiry, Добавить в запрос , Agregar a la consulta , Sorguya ekle , أضف إلى الاستعلام,
products.view_details,View Details, Просмотреть детали , Ver detalles , Detayları görüntüle , عرض التفاصيل,
products.category,Category, Категория , Categoría , Kategori , الفئة,
products.subcategory,Subcategory, Подкатегория , Subcategoría , Alt kategori , الفئة الفرعية,
products.product_code,Product Code, Код продукта , Código de producto , Ürün kodu , رمز المنتج,
products.supplier_code,Supplier Code, Код поставщика , Código del proveedor , Tedarikçi kodu , رمز المورد,
products.price,Price, Цена , Precio , Fiyat , السعر,
products.discount,Discount (%), Скидка (%) , Descuento (%) , İndirim (%) , الخصم (%),
products.quantity,Quantity, Количество , Cantidad , Miktar , الكمية,
products.categories,Categories, Категории , Categorías , Kategoriler , الفئات,
products.all_categories,All Categories, Все категории , Todas las categorías , Tüm Kategoriler , كل الفئات,
products.subcategories,Subcategories, Подкатегории , Subcategorías , Alt kategoriler , الفئات الفرعية,
products.all,All, Все , Todos , Hepsi , الكل,
products.hotel_equipment_description,"Premium hotel furniture and serving equipment for hospitality excellence. From elegant banquet furniture to professional serving stations, create memorable dining experiences.", Премиальная мебель и оборудование для отелей для обеспечения отличного сервиса. От элегантной банкетной мебели до профессиональных станций обслуживания — создайте незабываемый опыт для гостей. ," Muebles y equipamiento premium para hoteles para la excelencia en la hospitalidad. Desde elegantes muebles para banquetes hasta estaciones profesionales de servicio, cree experiencias memorables. ", Konukseverlikte mükemmellik için premium otel mobilyaları ve servis ekipmanları. Zarif banket mobilyalarından profesyonel servis istasyonlarına kadar unutulmaz deneyimler yaratın. ," أثاث وخدمات فندقية مميزة للتميز في الضيافة. من أثاث الولائم الأنيق إلى محطات الخدمة الاحترافية، اصنع تجارب لا تُنسى.",
products.refrigeration_title,Refrigeration Equipment, Оборудование для охлаждения , Equipo de refrigeración , Soğutma Ekipmanı , معدات التبريد,
products.refrigeration_description,"Professional refrigeration solutions for commercial kitchens, restaurants, and food service operations. Energy-efficient units with precise temperature control and reliable performance."," Профессиональные решения по охлаждению для коммерческих кухонь, ресторанов и предприятий общественного питания. Энергоэффективные установки с точным контролем температуры и надежной работой. "," Soluciones profesionales de refrigeración para cocinas comerciales, restaurantes y operaciones de servicios de alimentos. Unidades eficientes con control preciso de temperatura y rendimiento confiable. "," Ticari mutfaklar, restoranlar ve yiyecek hizmeti işletmeleri için profesyonel soğutma çözümleri. Hassas sıcaklık kontrolü ve güvenilir performansa sahip enerji tasarruflu üniteler. ", الحلول الاحترافية للتبريد للمطابخ التجارية والمطاعم وعمليات خدمات الطعام. وحدات موفرة للطاقة مع تحكم دقيق في درجة الحرارة وأداء موثوق.,
products.kitchen_tools_description,"Professional kitchen tools and equipment for culinary excellence. From precision knives to specialized preparation tools, find everything you need for your professional kitchen.", Профессиональные кухонные инструменты и оборудование для кулинарного совершенства. От точных ножей до специализированных инструментов — найдите все необходимое для вашей профессиональной кухни. ," Herramientas y equipos de cocina profesionales para la excelencia culinaria. Desde cuchillos de precisión hasta herramientas especializadas, encuentre todo lo que necesita para su cocina profesional. ", Profesyonel mutfak araçları ve ekipmanları ile mutfak mükemmelliği. Hassas bıçaklardan özel hazırlık araçlarına kadar profesyonel mutfağınız için gereken her şeyi bulun. ," أدوات ومعدات المطبخ للتميز في الطهي. من السكاكين الدقيقة إلى أدوات التحضير المتخصصة، اعثر على كل ما تحتاجه لمطبخك الاحترافي.",
products.inoksan_title,Industrial Kitchen Equipment, Промышленное кухонное оборудование , Equipos de cocina industrial , Endüstriyel Mutfak Ekipmanları , معدات المطبخ الصناعي,
products.inoksan_description,Professional-grade industrial kitchen equipment designed for commercial use. All products come with warranty and professional installation services.," Профессиональное промышленное кухонное оборудование, предназначенное для коммерческого использования. Все продукты поставляются с гарантией и профессиональной установкой. ", Equipos de cocina industrial de grado profesional diseñados para uso comercial. Todos los productos vienen con garantía y servicios profesionales de instalación. , Ticari kullanım için tasarlanmış profesyonel endüstriyel mutfak ekipmanları. Tüm ürünler garanti ve profesyonel kurulum hizmetleri ile gelir. , معدات مطبخ صناعية ذات جودة احترافية مصممة للاستخدام التجاري. جميع المنتجات تأتي مع ضمان وخدمات تركيب احترافية.,
contact.page_title,Contact Us, Связаться с нами , Contacto , İletişim , اتصل بنا,
contact.page_description,Get in touch with our experts for professional consultation and customized solutions, Свяжитесь с нашими экспертами для профессиональной консультации и индивидуальных решений , Póngase en contacto con nuestros expertos para consulta profesional y soluciones personalizadas , Profesyonel danışmanlık ve özelleştirilmiş çözümler için uzmanlarımızla iletişime geçin , تواصل مع خبرائنا للحصول على استشارة مهنية وحلول مخصصة,
contact.contact_information,Contact Information, Контактная информация , Información de contacto , İletişim Bilgileri , معلومات الاتصال,
contact.business_hours,Business Hours, Рабочие часы , Horario de atención , Çalışma Saatleri , ساعات العمل,
contact.business_hours_weekdays,Monday - Friday, Понедельник - Пятница , Lunes - Viernes , Pazartesi - Cuma , الاثنين - الجمعة,
contact.business_hours_saturday,Saturday, Суббота , Sábado , Cumartesi , السبت,
contact.business_hours_sunday,Sunday, Воскресенье , Domingo , Pazar , الأحد,
contact.send_us_message,Send us a Message, Отправьте нам сообщение , Envíanos un mensaje , Bize mesaj gönder , أرسل لنا رسالة,
contact.form.name,Full Name, Полное имя , Nombre completo , Tam Adı , الاسم الكامل,
contact.form.company,Company, Компания , Empresa , Şirket , الشركة,
contact.form.country,Country, Страна , País , Ülke , البلد,
contact.form.phone,Phone, Телефон , Teléfono , Telefon , الهاتف,
contact.form.email,Email, Электронная почта , Correo electrónico , E-posta , البريد الإلكتروني,
contact.form.message,Message, Сообщение , Mensaje , Mesaj , رسالة,
contact.form.submit,Send Message, Отправить сообщение , Enviar mensaje , Mesaj Gönder , إرسال الرسالة,
contact.name_placeholder,Enter your full name, Введите полное имя , Ingrese su nombre completo , Tam adınızı girin , أدخل اسمك الكامل,
contact.company_placeholder,Enter your company name, Введите название компании , Ingrese el nombre de su empresa , Şirket adınızı girin , أدخل اسم شركتك,
contact.country_placeholder,Enter your country, Введите страну , Ingrese su país , Ülkenizi girin , أدخل بلدك,
contact.phone_placeholder,Enter your phone number, Введите номер телефона , Ingrese su número de teléfono , Telefon numaranızı girin , أدخل رقم هاتفك,
contact.email_placeholder,Enter your email address, Введите адрес электронной почты , Ingrese su correo electrónico , E-posta adresinizi girin , أدخل عنوان بريدك الإلكتروني,
contact.message_placeholder,Please provide details about your requirements...," Пожалуйста, предоставьте детали ваших требований... "," Por favor, proporcione detalles sobre sus requisitos... ", Lütfen gereksinimleriniz hakkında detaylar verin... , يرجى تقديم تفاصيل حول متطلباتك...,
contact.service_level_agreement,Service Level Agreement, Соглашение об уровне обслуживания , Acuerdo de nivel de servicio , Hizmet Seviyesi Anlaşması , اتفاقية مستوى الخدمة,
contact.sla_standard,Standard (3-5 business days), Стандарт (3-5 рабочих дней) , Estándar (3-5 días hábiles) , Standart (3-5 iş günü) , قياسي (3-5 أيام عمل),
contact.sla_priority,Priority (1-2 business days), Приоритет (1-2 рабочих дня) , Prioridad (1-2 días hábiles) , Öncelikli (1-2 iş günü) , أولوية (1-2 أيام عمل),
contact.sla_urgent,Urgent (Same day), Срочно (В тот же день) , Urgente (Mismo día) , Acil (Aynı gün) , عاجل (نفس اليوم),
contact.request_type,Request Type, Тип запроса , Tipo de solicitud , Talep Türü , نوع الطلب,
contact.request_consultation,General Consultation, Общая консультация , Consulta general , Genel Danışma , استشارة عامة,
contact.request_quotation,Price Quotation, Запрос цены , Solic,,,
language.select,Select Language, Выберите язык , Seleccionar idioma , Dil Seçin , اختر اللغة,
common.save,Save, Сохранить , Guardar , Kaydet , حفظ,
common.cancel,Cancel, Отмена , Cancelar , İptal , إلغاء,
common.edit,Edit, Редактировать , Editar , Düzenle , تعديل,
common.delete,Delete, Удалить , Eliminar , Sil , حذف,
common.add,Add, Добавить , Añadir , Ekle , إضافة,
common.search,Search, Поиск , Buscar , Ara , بحث,
common.filter,Filter, Фильтр , Filtrar , Filtrele , فلتر,
common.clear,Clear, Очистить , Limpiar , Temizle , مسح,
common.submit,Submit, Отправить , Enviar , Gönder , إرسال,
common.close,Close, Закрыть , Cerrar , Kapat , إغلاق,
common.view,View, Просмотр , Ver , Görüntüle , عرض,
common.download,Download, Скачать , Descargar , İndir , تنزيل,
common.upload,Upload, Загрузить , Subir , Yükle , رفع,
common.export,Export, Экспорт , Exportar , Dışa aktar , تصدير,
common.import,Import, Импорт , Importar , İçe aktar , استيراد,
common.next,Next, Далее , Siguiente , İleri , التالي,
common.previous,Previous, Назад , Anterior , Geri , السابق,
common.more_pages,More pages, Еще страницы , Más páginas , Daha fazla sayfa , المزيد من الصفحات,
common.go_to_previous_page,Go to previous page, Перейти на предыдущую страницу , Ir a la página anterior , Önceki sayfaya git , الذهاب إلى الصفحة السابقة,
common.go_to_next_page,Go to next page, Перейти на следующую страницу , Ir a la página siguiente , Sonraki sayfaya git , الذهاب إلى الصفحة التالية,
secure_portal.title,ChefGear Management Portal, Портал управления ChefGear , Portal de gestión ChefGear , ChefGear Yönetim Portalı , بوابة إدارة ChefGear,
secure_portal.dashboard,Dashboard, Панель управления , Panel de control , Gösterge Paneli , لوحة القيادة,
secure_portal.client_requests,Client Requests, Запросы клиентов , Solicitudes de clientes , Müşteri Talepleri , طلبات العملاء,
secure_portal.client_dashboard,Client Dashboard, Панель клиента , Panel del cliente , Müşteri Paneli , لوحة العميل,
secure_portal.orders,Orders, Заказы , Pedidos , Siparişler , الطلبات,
secure_portal.translations,Translations, Переводы , Traducciones , Çeviriler , الترجمات,
secure_portal.image_manager,Image Manager, Менеджер изображений , Gestor de imágenes , Görsel Yöneticisi , مدير الصور,
secure_portal.product_manager,Product Manager, Менеджер продуктов , Gestor de productos , Ürün Yöneticisi , مدير المنتجات,
secure_portal.services,Services, Сервисы , Servicios , Hizmetler , الخدمات,
secure_portal.admin_users,Portal Users, Пользователи портала , Usuarios del portal , Portal Kullanıcıları , مستخدمو البوابة,
secure_portal.quotation_builder,Quotation Builder, Конструктор коммерческих предложений , Constructor de cotizaciones , Teklif Oluşturucu , منشئ العروض,
secure_portal.chefgear_admin,ChefGear Management, Управление ChefGear , Administración ChefGear , ChefGear Yönetimi , إدارة ChefGear,
secure_portal.management_panel,Management Portal, Панель управления , Panel de gestión , Yönetim Paneli , لوحة الإدارة,
secure_portal.admin_user,Portal User, Пользователь портала , Usuario del portal , Portal Kullanıcısı , مستخدم البوابة,
secure_portal.admin_email,portal@chefgear.com, portal@chefgear.com , portal@chefgear.com , portal@chefgear.com , portal@chefgear.com,
secure_portal.back_to_website,Back to Website, Вернуться на сайт , Volver al sitio web , Siteye Dön , العودة إلى الموقع,
secure_portal.welcome,"Welcome, Manager"," Добро пожаловать, Менеджер "," Bienvenido, Gerente "," Hoşgeldiniz, Yönetici "," أهلاً، المدير",
admin.dashboard.title,Dashboard, Панель управления , Panel de control , Gösterge Paneli , لوحة القيادة,
admin.dashboard.overview,System Overview, Обзор системы , Resumen del sistema , Sistem Genel Bakış , نظرة عامة على النظام,
admin.dashboard.total_users,Total Users, Всего пользователей , Total de usuarios , Toplam Kullanıcı , إجمالي المستخدمين,
admin.dashboard.total_clients,Total Clients, Всего клиентов , Total de clientes , Toplam Müşteri , إجمالي العملاء,
admin.dashboard.contact_requests,Contact Requests, Запросы контактов , Solicitudes de contacto , İletişim Talepleri , طلبات التواصل,
admin.dashboard.total_quotations,Total Quotations, Всего предложений , Total de cotizaciones , Toplam Teklif , إجمالي العروض,
admin.dashboard.pending_quotations,Pending, В ожидании , Pendientes , Bekleyen Teklifler , العروض المعلقة,
admin.dashboard.total_orders,Total Orders, Всего заказов , Total de pedidos , Toplam Sipariş , إجمالي الطلبات,
admin.dashboard.waiting_payment,Waiting Payment, Ожидание оплаты , Esperando pago , Ödeme Bekleniyor , في انتظار الدفع,
admin.dashboard.total_revenue,Total Revenue, Общий доход , Ingresos totales , Toplam Gelir , إجمالي الإيرادات,
admin.dashboard.products,Products, Продукты , Productos , Ürünler , المنتجات,
admin.dashboard.languages,Languages, Языки , Idiomas , Diller , اللغات,
admin.dashboard.recent_contact_requests,Recent Contact Requests, Последние запросы контактов , Solicitudes recientes de contacto , Son İletişim Talepleri , طلبات التواصل الأخيرة,
admin.dashboard.recent_orders,Recent Orders, Последние заказы , Pedidos recientes , Son Siparişler , الطلبات الأخيرة,
admin.dashboard.quick_actions,Quick Actions, Быстрые действия , Acciones rápidas , Hızlı İşlemler , إجراءات سريعة,
admin.dashboard.manage_products,Manage Products, Управление продуктами , Gestionar productos , Ürünleri Yönet , إدارة المنتجات,
admin.dashboard.multilingual_content,Multilingual Content, Многоязычный контент , Contenido multilingüe , Çok Dilli İçerik , محتوى متعدد اللغات,
admin.dashboard.view_reports,View Reports, Просмотреть отчеты , Ver informes , Raporları Görüntüle , عرض التقارير,
admin.dashboard.system_status,System Status, Статус системы , Estado del sistema , Sistem Durumu , حالة النظام,
admin.dashboard.database_status,Database Status, Статус базы данных , Estado de la base de datos , Veritabanı Durumu , حالة قاعدة البيانات,
admin.dashboard.storage_status,Storage Status, Статус хранилища , Estado del almacenamiento , Depolama Durumu , حالة التخزين,
admin.dashboard.api_status,API Status, Статус API , Estado de la API , API Durumu , حالة واجهة برمجة التطبيقات,
admin.dashboard.online,Online, В сети , En línea , Çevrimiçi , متصل,
admin.dashboard.loading,Loading dashboard data..., Загрузка данных панели... , Cargando datos del panel... , Panel verileri yükleniyor... , جاري تحميل بيانات لوحة التحكم...,
admin.clients.title,Client Management, Управление клиентами , Gestión de clientes , Müşteri Yönetimi , إدارة العملاء,
admin.clients.total_clients,Total Clients, Всего клиентов , Total de clientes , Toplam Müşteri , إجمالي العملاء,
admin.clients.active_clients,Active Clients, Активные клиенты , Clientes activos , Aktif Müşteriler , العملاء النشطون,
admin.clients.new_this_month,New This Month, Новые в этом месяце , Nuevos este mes , Bu ay yeniler , الجديد هذا الشهر,
admin.clients.search_clients,Search clients..., Поиск клиентов... , Buscar clientes... , Müşteri ara... , البحث عن العملاء...,
admin.clients.add_client,Add New Client, Добавить нового клиента , Agregar nuevo cliente , Yeni müşteri ekle , إضافة عميل جديد,
admin.clients.company_name,Company Name, Название компании , Nombre de la empresa , Şirket Adı , اسم الشركة,
admin.clients.contact_person,Contact Person, Контактное лицо , Persona de contacto , İlgili Kişi , جهة الاتصال,
admin.clients.email,Email, Электронная почта , Correo electrónico , E-posta , البريد الإلكتروني,
admin.clients.phone,Phone, Телефон , Teléfono , Telefon , الهاتف,
admin.clients.country,Country, Страна , País , Ülke , البلد,
admin.clients.city,City, Город , Ciudad , Şehir , المدينة,
admin.clients.address,Address, Адрес , Dirección , Adres , العنوان,
admin.clients.usual_discount,Usual Discount (%), Обычная скидка (%) , Descuento habitual (%) , Alışılmış İndirim (%) , الخصم المعتاد (%),
admin.clients.status,Status, Статус , Estado , Durum , الحالة,
admin.clients.actions,Actions, Действия , Acciones , İşlemler , الإجراءات,
admin.clients.view_details,View Details, Просмотреть детали , Ver detalles , Detayları Görüntüle , عرض التفاصيل,
admin.clients.edit,Edit, Редактировать , Editar , Düzenle , تعديل,
admin.clients.delete,Delete, Удалить , Eliminar , Sil , حذف,
admin.clients.client_details,Client Details, Информация о клиенте , Detalles del cliente , Müşteri Detayları , تفاصيل العميل,
admin.clients.company_information,Company Information, Информация о компании , Información de la empresa , Şirket Bilgileri , معلومات الشركة,
admin.clients.contact_information,Contact Information, Контактная информация , Información de contacto , İletişim Bilgileri , معلومات الاتصال,
admin.clients.business_relationship,Business Relationship, Деловые отношения , Relación comercial , İş İlişkisi , العلاقة التجارية,
admin.clients.client_since,Client Since, Клиент с , Cliente desde , Müşteri Tarihi , عميل منذ,
admin.clients.activity_summary,Activity Summary, Сводка активности , Resumen de actividad , Aktivite Özeti , ملخص النشاط,
admin.clients.total_orders,Total Orders, Всего заказов , Total de pedidos , Toplam Sipariş , إجمالي الطلبات,
admin.clients.total_spent,Total Spent, Всего потрачено , Total gastado , Toplam Harcama , إجمالي الإنفاق,
admin.clients.last_order,Last Order, Последний заказ , Último pedido , Son Sipariş , آخر طلب,
admin.clients.products_orders_overview,Products & Orders Overview, Обзор продуктов и заказов , Resumen de productos y pedidos , Ürünler ve Siparişler Özeti , نظرة عامة على المنتجات والطلبات,
admin.clients.recent_products_ordered,Recent Products Ordered, Последние заказанные продукты , Productos pedidos recientemente , Son Sipariş Verilen Ürünler , المنتجات المطلوبة حديثًا,
admin.clients.business_insights,Business Insights, Аналитика бизнеса , Perspectivas comerciales , İş Analizi , رؤى الأعمال,
admin.clients.average_order_value,Average Order Value, Средняя стоимость заказа , Valor promedio del pedido , Ortalama Sipariş Değeri , متوسط قيمة الطلب,
admin.clients.conversion_rate,Conversion Rate, Коэффициент конверсии , Tasa de conversión , Dönüşüm Oranı , معدل التحويل,
admin.clients.engagement_score,Engagement Score, Оценка вовлеченности , Puntaje de compromiso , Katılım Skoru , درجة التفاعل,
admin.clients.quote_performance,Quote Performance, Эффективность коммерческих предложений , Rendimiento de cotizaciones , Teklif Performansı , أداء العروض,
admin.clients.quotes_sent,Quotes Sent, Отправленные предложения , Cotizaciones enviadas , Gönderilen Teklifler , العروض المرسلة,
admin.clients.quotes_accepted,Quotes Accepted, Принятые предложения , Cotizaciones aceptadas , Kabul Edilen Teklifler , العروض المقبولة,
admin.clients.acceptance_rate,Acceptance Rate, Коэффициент принятия , Tasa de aceptación , Kabul Oranı , معدل القبول,
admin.clients.loading,Loading clients..., Загрузка клиентов... , Cargando clientes... , Müşteriler yükleniyor... , جارٍ تحميل العملاء...,
admin.clients.no_clients,No clients found, Клиенты не найдены , No se encontraron clientes , Müşteri bulunamadı , لم يتم العثور على عملاء,
admin.orders.title,Order Management, Управление заказами , Gestión de pedidos , Sipariş Yönetimi , إدارة الطلبات,
admin.orders.all_orders,All Orders, Все заказы , Todos los pedidos , Tüm Siparişler , جميع الطلبات,
admin.orders.pending,Pending, В ожидании , Pendiente , Beklemede , قيد الانتظار,
admin.orders.processing,Processing, В обработке , En proceso , İşleniyor , قيد المعالجة,
admin.orders.shipped,Shipped, Отправлено , Enviado , Gönderildi , تم الشحن,
admin.orders.delivered,Delivered, Доставлено , Entregado , Teslim Edildi , تم التوصيل,
admin.orders.cancelled,Cancelled, Отменено , Cancelado , İptal Edildi , ملغى,
admin.orders.search_orders,Search orders..., Поиск заказов... , Buscar pedidos... , Sipariş ara... , البحث في الطلبات...,
admin.orders.order_number,Order #, Заказ № , Pedido Nº , Sipariş No , رقم الطلب,
admin.orders.client,Client, Клиент , Cliente , Müşteri , العميل,
admin.orders.date,Date, Дата , Fecha , Tarih , التاريخ,
admin.orders.amount,Amount, Сумма , Monto , Tutar , المبلغ,
admin.orders.status,Status, Статус , Estado , Durum , الحالة,
admin.orders.actions,Actions, Действия , Acciones , İşlemler , الإجراءات,
admin.orders.view,View, Просмотр , Ver , Görüntüle , عرض,
admin.orders.edit,Edit, Редактировать , Editar , Düzenle , تعديل,
admin.orders.delete,Delete, Удалить , Eliminar , Sil , حذف,
admin.orders.loading,Loading orders..., Загрузка заказов... , Cargando pedidos... , Siparişler yükleniyor... , جاري تحميل الطلبات...,
admin.orders.no_orders,No orders found, Заказы не найдены , No se encontraron pedidos , Sipariş bulunamadı , لم يتم العثور على طلبات,
admin.products.title,Product Management, Управление продуктами , Gestión de productos , Ürün Yönetimi , إدارة المنتجات,
admin.products.add_product,Add Product, Добавить продукт , Añadir producto , Ürün Ekle , إضافة منتج,
admin.products.search_products,Search products..., Поиск продуктов... , Buscar productos... , Ürün ara... , البحث في المنتجات...,
admin.products.product_name,Product Name, Название продукта , Nombre del producto , Ürün Adı , اسم المنتج,
admin.products.category,Category, Категория , Categoría , Kategori , الفئة,
admin.products.price,Price, Цена , Precio , Fiyat , السعر,
admin.products.stock,Stock, Запас , Stock , Stok , المخزون,
admin.products.status,Status, Статус , Estado , Durum , الحالة,
admin.products.actions,Actions, Действия , Acciones , İşlemler , الإجراءات,
admin.products.edit,Edit, Редактировать , Editar , Düzenle , تعديل,
admin.products.delete,Delete, Удалить , Eliminar , Sil , حذف,
admin.products.loading,Loading products..., Загрузка продуктов... , Cargando productos... , Ürünler yükleniyor... , جاري تحميل المنتجات...,
admin.products.no_products,No products found, Продукты не найдены , No se encontraron productos , Ürün bulunamadı , لم يتم العثور على منتجات,
admin.quotations.title,Quotation Builder, Конструктор коммерческих предложений , Constructor de cotizaciones , Teklif Oluşturucu , منشئ العروض,
admin.quotations.create_quotation,Create New Quotation, Создать новое предложение , Crear nueva cotización , Yeni Teklif Oluştur , إنشاء عرض جديد,
admin.quotations.search_quotations,Search quotations..., Поиск предложений... , Buscar cotizaciones... , Teklif ara... , البحث في العروض...,
admin.quotations.quotation_number,Quotation #, Номер предложения , Cotización Nº , Teklif No , رقم العرض,
admin.quotations.client,Client, Клиент , Cliente , Müşteri , العميل,
admin.quotations.date,Date, Дата , Fecha , Tarih , التاريخ,
admin.quotations.amount,Amount, Сумма , Monto , Tutar , المبلغ,
admin.quotations.status,Status, Статус , Estado , Durum , الحالة,
admin.quotations.actions,Actions, Действия , Acciones , İşlemler , الإجراءات,
admin.quotations.view,View, Просмотр , Ver , Görüntüle , عرض,
admin.quotations.edit,Edit, Редактировать , Editar , Düzenle , تعديل,
admin.quotations.send,Send, Отправить , Enviar , Gönder , إرسال,
admin.quotations.duplicate,Duplicate, Дублировать , Duplicar , Çoğalt , تكرار,
admin.quotations.convert_to_order,Convert to Order, Конвертировать в заказ , Convertir a pedido , Siparişe Dönüştür , تحويل إلى طلب,
admin.quotations.download_pdf,Download PDF, Скачать PDF , Descargar PDF , PDF İndir , تحميل PDF,
admin.quotations.delete,Delete, Удалить , Eliminar , Sil , حذف,
admin.quotations.draft,Draft, Черновик , Borrador , Taslak , مسودة,
admin.quotations.sent,Sent, Отправлено , Enviado , Gönderildi , تم الإرسال,
admin.quotations.accepted,Accepted, Принято , Aceptado , Kabul Edildi , مقبول,
admin.quotations.rejected,Rejected, Отклонено , Rechazado , Reddedildi , مرفوض,
admin.quotations.expired,Expired, Истек , Expirado , Süresi Doldu , منتهي الصلاحية,
admin.quotations.converted_to_order,Converted to Order, Конвертировано в заказ , Convertido a pedido , Siparişe Dönüştürüldü , تم التحويل إلى طلب,
admin.quotations.loading,Loading quotations..., Загрузка предложений... , Cargando cotizaciones... , Teklifler yükleniyor... , جاري تحميل العروض...,
admin.quotations.no_quotations,No quotations found, Предложения не найдены , No se encontraron cotizaciones , Teklif bulunamadı , لم يتم العثور على عروض,
admin.quotations.select_client,Select Client, Выбрать клиента , Seleccionar cliente , Müşteri Seç , اختر العميل,
admin.quotations.valid_until,Valid Until, Действительно до , Válido hasta , Geçerlilik Süresi , صالح حتى,
admin.quotations.notes,Notes, Заметки , Notas , Notlar , ملاحظات,
admin.quotations.add_product,Add Product, Добавить продукт , Añadir producto , Ürün Ekle , إضافة منتج,
admin.quotations.remove_product,Remove Product, Удалить продукт , Quitar producto , Ürünü Kaldır , إزالة المنتج,
admin.quotations.quantity,Quantity, Количество , Cantidad , Miktar , الكمية,
admin.quotations.unit_price,Unit Price, Цена за единицу , Precio unitario , Birim Fiyatı , سعر الوحدة,
admin.quotations.total,Total, Итого , Total , Toplam , الإجمالي,
admin.quotations.subtotal,Subtotal, Промежуточный итог , Subtotal , Ara Toplam , المجموع الفرعي,
admin.quotations.discount,Discount, Скидка , Descuento , İndirim , الخصم,
admin.quotations.final_amount,Final Amount, Итоговая сумма , Importe final , Nihai Tutar , المبلغ النهائي,
admin.quotations.create,Create Quotation, Создать предложение , Crear cotización , Teklif Oluştur , Teklif Oluştur,
admin.quotations.update,Update Quotation, Обновить предложение , Actualizar cotización , Teklifi Güncelle , تحديث العرض,
translations.title,Translations, Переводы , Traducciones , Çeviriler , الترجمات,
translations.loading,Loading translations..., Загрузка переводов... , Cargando traducciones... , Çeviriler yükleniyor... , جاري تحميل الترجمات...,
translations.manage_content,Manage multilingual content across the platform, Управление многоязычным контентом на платформе , Gestionar contenido multilingüe en la plataforma , Platformda çok dilli içeriği yönetin , إدارة المحتوى متعدد اللغات عبر المنصة,
translations.import_csv,Import CSV, Импорт CSV , Importar CSV , CSV İçe Aktar , استيراد CSV,
translations.export_csv,Export CSV, Экспорт CSV , Exportar CSV , CSV Dışa Aktar , تصدير CSV,
translations.add_translation,Add Translation, Добавить перевод , Añadir traducción , Çeviri Ekle , إضافة ترجمة,
translations.add_new_translation,Add New Translation, Добавить новый перевод , Añadir nueva traducción , Yeni Çeviri Ekle , إضافة ترجمة جديدة,
translations.translation_key,Translation Key, Ключ перевода , Clave de traducción , Çeviri Anahtarı , مفتاح الترجمة,
translations.key_placeholder,"e.g., nav.new_item"," например, nav.new_item "," ej., nav.new_item "," örn., nav.new_item ", مثال: nav.new_item,
translations.enter_translation,Enter {language} translation..., Введите перевод на {language}... , Introduce la traducción en {language}... , {language} çevirisini girin... , أدخل الترجمة باللغة {language}...,
translations.cancel,Cancel, Отмена , Cancelar , İptal , إلغاء,
translations.supported_languages,Supported Languages, Поддерживаемые языки , Idiomas soportados , Desteklenen Diller , اللغات المدعومة,
translations.search_keys,Search translation keys..., Поиск ключей перевода... , Buscar claves de traducción... , Çeviri anahtarlarını ara... , البحث في مفاتيح الترجمة...,
translations.translation_keys,Translation Keys, Ключи перевода , Claves de traducción , Çeviri Anahtarları , مفاتيح الترجمة,
translations.key_identifier,Translation key identifier, Идентификатор ключа перевода , Identificador de clave de traducción , Çeviri anahtarı tanımlayıcısı , معرف مفتاح الترجمة,
translations.save,Save, Сохранить , Guardar , Kaydet , حفظ,
translations.edit,Edit, Редактировать , Editar , Düzenle , تعديل,
translations.no_translation,No translation, Нет перевода , Sin traducción , Çeviri yok , لا توجد ترجمة,
admin.services.title,Services Management, Управление услугами , Gestión de servicios , Hizmet Yönetimi , إدارة الخدمات,
admin.services.loading,Loading services..., Загрузка услуг... , Cargando servicios... , Hizmetler yükleniyor... , جاري تحميل الخدمات,
admin.users.title,Portal Users, Пользователи портала , Usuarios del portal , Portal Kullanıcıları , مستخدمو البوابة,
admin.users.loading,Loading users..., Загрузка пользователей... , Cargando usuarios... , Kullanıcılar yükleniyor... , جاري تحميل المستخدمين,
admin.requests.title,Client Requests, Запросы клиентов , Solicitudes de clientes , Müşteri Talepleri , طلبات العملاء,
admin.requests.loading,Loading requests..., Загрузка запросов... , Cargando solicitudes... , Talepler yükleniyor... , جاري تحميل الطلبات,
admin.images.title,Image Manager, Менеджер изображений , Gestor de imágenes , Görsel Yöneticisi , مدير الصور,
admin.images.loading,Loading images..., Загрузка изображений... , Cargando imágenes... , Görseller yükleniyor... , جاري تحميل الصور,
setup.services.title,Setup Services Table, Таблица настройки услуг , Tabla de configuración de servicios , Hizmetler Tablosu Kurulumu , إعداد جدول الخدمات,
setup.services.description,Initialize the services table with default data for the special request page., Инициализация таблицы услуг с данными по умолчанию для страницы специальных запросов. , Inicializar la tabla de servicios con datos predeterminados para la página de solicitud especial. , Özel talep sayfası için varsayılan verilerle hizmetler tablosunu başlatın. , تهيئة جدول الخدمات بالبيانات الافتراضية لصفحة الطلبات الخاصة,
setup.services.setup_button,Setup Services Table, Настроить таблицу услуг , Configurar tabla de servicios , Hizmetler Tablosunu Kur , Hizmetler جدول الإعداد,
setup.services.success,Success, Успешно , Éxito , Başarılı , نجاح,
setup.services.error,Error, Ошибка , Error , Hata , خطأ,
setup.services.logs,Setup Logs, Журналы настройки , Registros de configuración , Kurulum Kayıtları , سجلات الإعداد,
error.generic,An error occurred. Please try again.," Произошла ошибка. Пожалуйста, попробуйте снова. "," Ocurrió un error. Por favor, inténtelo de nuevo. ", Bir hata oluştu. Lütfen tekrar deneyin. , حدث خطأ. يرجى المحاولة مرة أخرى,
error.network,Network error. Please check your connection.," Сетевая ошибка. Пожалуйста, проверьте подключение. "," Error de red. Por favor, revise su conexión. ", Ağ hatası. Lütfen bağlantınızı kontrol edin. , خطأ في الشبكة. يرجى التحقق من الاتصال,
error.not_found,The requested resource was not found., Запрошенный ресурс не найден. , El recurso solicitado no fue encontrado. , İstenen kaynak bulunamadı. , المورد المطلوب غير موجود,
error.unauthorized,You are not authorized to perform this action., У вас нет прав для выполнения этого действия. , No está autorizado para realizar esta acción. , Bu işlemi yapmak için yetkiniz yok. , أنت غير مخول لأداء هذا الإجراء,
error.validation,Please check your input and try again.," Пожалуйста, проверьте введённые данные и попробуйте снова. "," Por favor, verifique su entrada e intente de nuevo. ", Lütfen girişinizi kontrol edin ve tekrar deneyin. , يرجى التحقق من الإدخال والمحاولة مرة أخرى,
success.saved,Successfully saved!, Успешно сохранено! , ¡Guardado con éxito! , Başarıyla kaydedildi! , تم الحفظ بنجاح!,
success.updated,Successfully updated!, Успешно обновлено! , ¡Actualizado con éxito! , Başarıyla güncellendi! , تم التحديث بنجاح!,
success.deleted,Successfully deleted!, Успешно удалено! , ¡Eliminado con éxito! , Başarıyla silindi! , تم الحذف بنجاح!,
success.created,Successfully created!, Успешно создано! , ¡Creado con éxito! , Başarıyla oluşturuldu! , تم الإنشاء بنجاح!,
success.sent,Successfully sent!, Успешно отправлено! , ¡Enviado con éxito! , Başarıyla gönderildi! , تم الإرسال بنجاح!,
confirm.delete,Are you sure you want to delete this item?," Вы уверены, что хотите удалить этот элемент? ", ¿Está seguro de que desea eliminar este elemento? , Bu öğeyi silmek istediğinizden emin misiniz? , هل أنت متأكد من حذف هذا العنصر؟,
confirm.save,Are you sure you want to save these changes?," Вы уверены, что хотите сохранить эти изменения? ", ¿Está seguro de que desea guardar estos cambios? , Bu değişiklikleri kaydetmek istediğinizden emin misiniz? , هل أنت متأكد من حفظ هذه التغييرات؟,
confirm.send,Are you sure you want to send this?," Вы уверены, что хотите отправить это? ", ¿Está seguro de que desea enviar esto? , Bunu göndermek istediğinizden emin misiniz? , هل أنت متأكد من إرسال هذا؟,
confirm.convert,Are you sure you want to convert this quotation to an order?," Вы уверены, что хотите преобразовать это коммерческое предложение в заказ? ", ¿Está seguro de que desea convertir esta cotización en un pedido? , Bu teklifi siparişe dönüştürmek istediğinizden emin misiniz? , هل أنت متأكد من تحويل هذا العرض إلى طلب؟,
status.active,Active, Активен , Activo , Aktif , نشط,
status.inactive,Inactive, Неактивен , Inactivo , Pasif , غير نشط,
status.pending,Pending, В ожидании , Pendiente , Beklemede , قيد الانتظار,
status.completed,Completed, Завершено , Completado , Tamamlandı , مكتمل,
status.cancelled,Cancelled, Отменено , Cancelado , İptal Edildi , ملغى,
status.processing,Processing, В обработке , En proceso , İşleniyor , قيد المعالجة,
status.shipped,Shipped, Отправлено , Enviado , Gönderildi , تم الشحن,
status.delivered,Delivered, Доставлено , Entregado , Teslim Edildi , تم التوصيل,
status.draft,Draft, Черновик , Borrador , Taslak , مسودة,
status.sent,Sent, Отправлено , Enviado , Gönderildi , تم الإرسال,
status.accepted,Accepted, Принято , Aceptado , Kabul Edildi , مقبول,
status.rejected,Rejected, Отклонено , Rechazado , Reddedildi , مرفوض,
status.expired,Expired, Истек , Expirado , Süresi Doldu , منتهي الصلاحية,
status.online,Online, В сети , En línea , Çevrimiçi , متصل,
status.offline,Offline, Не в сети , Sin conexión , Çevrimdışı , غير متصل,
date.today,Today, Сегодня , Hoy , Bugün , اليوم,
date.yesterday,Yesterday, Вчера , Ayer , Dün , أمس,
date.this_week,This Week, Эта неделя , Esta semana , Bu hafta , هذا الأسبوع,
date.this_month,This Month, Этот месяц , Este mes , Bu ay , هذا الشهر,
date.this_year,This Year, Этот год , Este año , Bu yıl , هذا العام,
file.upload,Upload File, Загрузить файл , Subir archivo , Dosya yükle , رفع ملف,
file.download,Download File, Скачать файл , Descargar archivo , Dosya indir , تحميل ملف,
file.delete,Delete File, Удалить файл , Eliminar archivo , Dosyayı sil , حذف ملف,
file.supported_formats,Supported formats, Поддерживаемые форматы , Formatos compatibles , Desteklenen formatlar , الصيغ المدعومة,
file.max_size,Maximum file size, Максимальный размер файла , Tamaño máximo de archivo , Maksimum dosya boyutu , الحد الأقصى لحجم الملف,
validation.required,This field is required, Это поле обязательно , Este campo es obligatorio , Bu alan zorunludur , هذا الحقل مطلوب,
validation.email,Please enter a valid email address," Пожалуйста, введите корректный email "," Por favor, introduzca un correo válido ", Lütfen geçerli bir e-posta girin , الرجاء إدخال بريد إلكتروني صحيح,
validation.phone,Please enter a valid phone number," Пожалуйста, введите корректный номер телефона "," Por favor, introduzca un número válido ", Lütfen geçerli bir telefon numarası girin , الرجاء إدخال رقم هاتف صحيح,
validation.min_length,Minimum {count} characters required, Требуется минимум {count} символов , Se requieren al menos {count} caracteres , En az {count} karakter gereklidir , مطلوب {count} أحرف على الأقل,
validation.max_length,Maximum {count} characters allowed, Максимум {count} символов , Máximo {count} caracteres , En fazla {count} karakter izin verilir , الحد الأقصى {count} حرفاً,
validation.numeric,Please enter a valid number," Пожалуйста, введите число "," Por favor, introduzca un número válido ", Lütfen geçerli bir sayı girin , الرجاء إدخال رقم صحيح,
pagination.showing,Showing {start} to {end} of {total} results, Показано с {start} по {end} из {total} результатов , Mostrando {start} a {end} de {total} resultados , {start} - {end} arası {total} sonuç gösteriliyor , {total} sonuçtan {start} - {end} arası gösteriliyor , عرض {start} إلى {end} من {total} نتائج
pagination.per_page,Per page, На странице , Por página , Sayfa başına , في الصفحة,
pagination.first,First, Первая , Primera , İlk , الأولى,
pagination.last,Last, Последняя , Última , Son , الأخيرة,
pagination.of,of, из , de , -den , من,
pagination.page,Page, Страница , Página , Sayfa , الصفحة,
search.no_results,No results found, Результаты не найдены , No se encontraron resultados , Sonuç bulunamadı , لم يتم العثور على نتائج,
search.try_different,Try a different search term, Попробуйте другой запрос , Pruebe con otro término de búsqueda , Farklı bir arama terimi deneyin , حاول مصطلح بحث مختلف,
filter.all,All, Все , Todos , Tümü , الكل,
filter.apply,Apply Filters, Применить фильтры , Aplicar filtros , Filtreleri uygula , تطبيق الفلاتر,
filter.clear_all,Clear All Filters, Очистить все фильтры , Limpiar todos los filtros , Tüm filtreleri temizle , مسح جميع الفلاتر,
filter.results,{count} results found, Найдено {count} результатов , {count} resultados encontrados , {count} sonuç bulundu , تم العثور على {count} نتائج,
modal.close,Close, Закрыть , Cerrar , Kapat , إغلاق,
modal.confirm,Confirm, Подтвердить , Confirmar , Onayla , تأكيد,
modal.cancel,Cancel, Отмена , Cancelar , İptal , إلغاء,
dialog.title,Confirmation, Подтверждение , Confirmación , Onay , تأكيد,
dialog.message,Are you sure you want to proceed?," Вы уверены, что хотите продолжить? ", ¿Está seguro de que desea continuar? , Devam etmek istediğinizden emin misiniz? , هل أنت متأكد أنك تريد المتابعة؟,
notification.success,Operation completed successfully, Операция успешно выполнена , Operación completada con éxito , İşlem başarıyla tamamlandı , تم إتمام العملية بنجاح,
notification.error,An error occurred, Произошла ошибка , Ocurrió un error , Bir hata oluştu , حدث خطأ,
notification.warning,Warning, Предупреждение , Advertencia , Uyarı , تحذير,
notification.info,Information, Информация , Información , Bilgi , معلومات,
loading.please_wait,Please wait...," Пожалуйста, подождите... ", Por favor espere... , Lütfen bekleyin... , الرجاء الانتظار...,
loading.processing,Processing..., Обработка... , Procesando... , İşleniyor... , جاري المعالجة...,
loading.saving,Saving..., Сохранение... , Guardando... , Kaydediliyor... , جارٍ الحفظ...,
loading.loading,Loading..., Загрузка... , Cargando... , Yükleniyor... , جاري التحميل...,
loading.uploading,Uploading..., Загрузка... , Subiendo... , Yükleniyor... , جاري الرفع...,
loading.downloading,Downloading..., Загрузка... , Descargando... , İndiriliyor... , جاري التنزيل...,
empty.no_data,No data available, Данные отсутствуют , No hay datos disponibles , Veri yok , لا توجد بيانات,
empty.no_results,No results found, Результаты не найдены , No se encontraron resultados , Sonuç bulunamadı , لم يتم العثور على نتائج,
empty.no_items,No items to display, Нет элементов для отображения , No hay elementos para mostrar , Görüntülenecek öğe yok , لا توجد عناصر للعرض,
empty.start_by_adding,Start by adding your first item, Начните с добавления первого элемента , Comience agregando su primer elemento , İlk öğeyi ekleyerek başlayın , ابدأ بإضافة العنصر الأول,
accessibility.close,Close, Закрыть , Cerrar , Kapat , إغلاق,
accessibility.menu,Menu, Меню , Menú , Menü , القائمة,
accessibility.search,Search, Поиск , Buscar , Ara , البحث,
accessibility.loading,Loading, Загрузка , Cargando , Yükleniyor , جاري التحميل,
accessibility.error,Error, Ошибка , Error , Hata , خطأ,
accessibility.success,Success, Успех , Éxito , Başarı , نجاح,
accessibility.warning,Warning, Предупреждение , Advertencia , Uyarı , تحذير,
accessibility.info,Information, Информация , Información , Bilgi , معلومات,
contact.request_installation , Installation Services , Услуги по установке , Instalación , Kurulum Hizmetleri , خدمات التركيب,
contact.request_maintenance , Maintenance Support , Поддержка обслуживания , Mantenimiento , Bakım Desteği , دعم الصيانة,
contact.request_custom , Custom Solution , Индивидуальное решение , Solución personalizada , Özel Çözüm , حل مخصص,
contact.file_attachment , File Attachment (Optional) , Вложение файла (необязательно) , Adjunto (opcional) , Dosya Eki (İsteğe bağlı) , مرفق ملف (اختياري),
contact.file_formats , Supported formats , Поддерживаемые форматы , Formatos compatibles , Desteklenen formatlar , الصيغ المدعومة,
special_request.page_title , Special Request , Специальный запрос , Solicitud especial , Özel Talep , طلب خاص,
special_request.page_description , Professional services tailored to your specific requirements. From custom kitchen design to specialized installation and ongoing support. ," Профессиональные услуги, адаптированные к вашим требованиям. От индивидуального дизайна кухни до установки и поддержки. ", Servicios profesionales adaptados a sus requisitos específicos. Desde diseño personalizado hasta instalación especializada y soporte continuo. ," Gereksinimlerinize özel profesyonel hizmetler. Özel mutfak tasarımı, kurulum ve sürekli destek. "," خدمات احترافية مصممة حسب متطلباتك، من تصميم المطبخ إلى التركيب والدعم المستمر.",
special_request.loading , Loading services... , Загрузка услуг... , Cargando servicios... , Hizmetler yükleniyor... , جاري تحميل الخدمات...,
special_request.error , Failed to load services. Please try again later. ," Не удалось загрузить услуги. Пожалуйста, попробуйте позже. "," Error al cargar servicios. Por favor, inténtelo más tarde. ", Hizmetler yüklenemedi. Lütfen daha sonra yeniden deneyin. , فشل تحميل الخدمات. يرجى المحاولة لاحقًا.,
special_request.try_again , Try Again , Попробуйте снова , Intentar de nuevo , Tekrar dene , حاول مرة أخرى,
special_request.no_services , No services available at the moment. , Услуги временно недоступны. , No hay servicios disponibles en este momento. , Şu anda hizmet yok. , لا تتوفر خدمات حالياً.,
special_request.starting_from , Starting from , Начиная от , Desde , Başlangıç fiyatı , تبدأ من,
special_request.timeline , Timeline , Хронология , Cronograma , Zaman Çizelgesi , الجدول الزمني,
special_request.custom_solution , Need a Custom Solution? , Нужна индивидуальная разработка? , ¿Necesita una solución personalizada? , Özel çözüm mü istiyorsunuz? , هل تحتاج إلى حل مخصص؟,
special_request.custom_solution_description , Can't find what you're looking for? We specialize in creating custom solutions for unique requirements. Contact us to discuss your specific needs. , Не нашли нужное? Мы создаём индивидуальные решения. Свяжитесь с нами. , ¿No encuentra lo que busca? Creamos soluciones personalizadas. Contáctenos. , Aradığınızı bulamadınız mı? Özel çözümler sunuyoruz. İletişime geçin. , لا تجد ما تبحث عنه؟ نحن نبتكر حلولاً مخصصة. اتصل بنا.,
special_request.discuss_project , Discuss Your Project , Обсудить проект , Discutir su proyecto , Projenizi konuşalım , ناقش مشروعك,
about.page_title , About Us , О нас , Sobre nosotros , Hakkımızda , من نحن,
about.hero_description ," ChefGear has been at the forefront of professional kitchen solutions for over 15 years, providing exceptional equipment and consultancy services to culinary professionals worldwide. "," ChefGear более 15 лет лидер в профессиональных кухнях, предоставляя оборудование и консультации поварам по всему миру. "," ChefGear ha estado a la vanguardia de las soluciones de cocinas profesionales durante más de 15 años, ofreciendo equipos y consultoría excepcionales. "," ChefGear 15 yıldan fazla süredir profesyonel mutfak çözümlerinde öncü, dünya çapında ekipman ve danışmanlık sunuyor. "," ChefGear لأكثر من 15 عاماً تتقدم حلول المطابخ الاحترافية، مقدمة معدات واستشارات استثنائية للمحترفين حول العالم.",
about.our_story , Our Story , Наша история , Nuestra historia , Hikâyemiz , قصتنا,
about.story_paragraph1 ," Founded in 2009, ChefGear began as a small family business with a simple mission "," Основанная в 2009 г., ChefGear – семейный бизнес с простой миссией "," Fundada en 2009, ChefGear comenzó como pequeña empresa familiar con misión simple "," 2009'da kurulan ChefGear, basit bir misyonla aile işletmesi olarak başladı ", تأسست ChefGear في 2009 كشركة عائلية برؤية بسيطة,
about.story_paragraph2 ," Over the years, we've grown from a local supplier to an international consultancy, working with restaurants, hotels, catering companies, and industrial kitchens across 25 countries. Our success is built on understanding that every kitchen is unique, and every client deserves personalized solutions. "," Со временем мы выросли от локального поставщика до международной консультации, работая в 25 странах. Наш успех в понимании уникальности каждой кухни и клиента. ", Con los años pasamos de proveedor local a consultoría internacional en 25 países. Nuestro éxito radica en entender la singularidad de cada cocina y cliente. , Yıllar içerisinde yerel tedarikçiden 25 ülkede danışmanlığa dönüştük. Başarımız her mutfağın ve müşterinin benzersiz olduğunu anlamaya dayanıyor. , نشأنا من مورد محلي إلى استشاري دولي في 25 دولة. نجاحنا يقوم على فهم تفرد كل مطبخ وعميل.,
about.story_paragraph3 ," Today, ChefGear stands as a trusted partner in the culinary industry, combining traditional craftsmanship with cutting-edge technology to deliver solutions that exceed expectations. "," Сегодня ChefGear – надёжный партнёр, объединяющий традиции и технологии для превосходных решений. "," Hoy, ChefGear es socio de confianza en la industria culinaria, combinando artesanía tradicional con tecnología avanzada. "," Bugün ChefGear, beklentilerin ötesinde çözümler sunmak için geleneksel el işçiliğini ileri teknolojiyle birleştiren güvenilir bir ortak. "," اليوم ChefGear شريك موثوق في الطهي، يجمع بين الحرفية والتكنولوجيا لتجاوز التوقعات.",
about.our_core_values , Our Core Values , Наши основные ценности , Nuestros valores principales , Temel Değerlerimiz , قيمنا الأساسية,
about.core_values_subtitle , The principles that guide everything we do ," Принципы, руководящие нашими действиями ", Los principios que guían todo lo que hacemos , Yaptığımız her şeyi yönlendiren ilkeler , المبادئ التي ترشد كل ما نقوم به,
about.our_mission , Our Mission , Наша миссия , Nuestra misión , Misyonumuz , مهمتنا,
about.mission_description , To provide world-class kitchen equipment and consultancy services that empower culinary professionals to achieve excellence. , Предоставлять мирового класса оборудование и консультации для достижения кулинарного совершенства. , Proporcionar equipos y servicios de consultoría de clase mundial para capacitar a profesionales culinarios. , Dünya standartlarında mutfak ekipmanı ve danışmanlık hizmetleri sunmak ve mutfak profesyonellerini mükemmelliğe ulaştırmak. , تقديم معدات واستشارات مطبخ عالمية المستوى لتمكين المحترفين من تحقيق التميز.,
about.our_values , Our Values , Наши ценности , Nuestros valores , Değerlerimiz , قيمنا,
about.values_description ," Quality, integrity, innovation, and customer satisfaction are at the core of everything we do. "," Качество, честность, инновации и удовлетворённость клиентов – в основе всего. "," Calidad, integridad, innovación y satisfacción del cliente están en el centro de todo lo que hacemos. "," Kalite, dürüstlük, yenilik ve müşteri memnuniyeti her şeyimizin merkezinde. ", الجودة والنزاهة والابتكار ورضا العملاء في جوهر كل عملنا.,
about.our_vision , Our Vision , Наше видение , Nuestra visión , Vizyonumuz , رؤيتنا,
about.vision_description ," To be the leading global provider of professional kitchen solutions, setting industry standards for quality and service. "," Быть ведущим мировым поставщиком профессиональных кухонных решений, устанавливая отраслевые стандарты. "," Ser el principal proveedor global de soluciones de cocina profesional, estableciendo estándares de calidad y servicio. "," Profesyonel mutfak çözümleri konusunda global lider olmak, kalite ve hizmet standartlarını belirlemek. "," أن نكون المزود العالمي الرائد لحلول المطابخ المهنية، مع وضع معايير الجودة والخدمة.",
about.our_achievements , Our Achievements , Наши достижения , Nuestros logros , Başarılarımız , إنجازاتنا,
about.achievements_subtitle , Numbers that reflect our commitment to excellence ," Цифры, отражающие нашу приверженность совершенству ", Números que reflejan nuestro compromiso con la excelencia , Mükemmelliğe bağlılığımızı yansıtan sayılar , أرقام تعكس التزامنا بالتميز,
about.satisfied_clients , Satisfied Clients , Довольные клиенты , Clientes satisfechos , Memnun Müşteriler , عملاء راضون,
about.years_experience , Years Experience , Лет опыта , Años de experiencia , Yıllık Deneyim , سنوات الخبرة,
about.countries_served , Countries Served , Страны обслуживания , Países atendidos , Hizmet verildiği ülkeler , الدول المخدومة,
about.projects_completed , Projects Completed , Выполненные проекты , Proyectos completados , Tamamlanan proje sayısı , المشاريع المنجزة,
about.meet_our_team , Meet Our Team , Встречайте нашу команду , Conoce a nuestro equipo , Ekibimizle tanışın , تعرف على فريقنا,
about.team_subtitle , The experts behind ChefGear's success ," Эксперты, стоящие за успехом ChefGear ", Los expertos detrás del éxito de ChefGear , ChefGear başarısının arkasındaki uzmanlar , الخبراء وراء نجاح ChefGear,
